,LAX,ORD,DEN,DFW,ATL,PHX,JFK,PHL,MCO,CLT,LAS,MSP,BOS,SFO,DTW,BWI,FLL,DCA,MIA,TPA,STL,EWR,LGA,IAH,MDW,MSY,SAN,MCI,SEA,RDU,SLC,BNA,IAD,CUN,PIT,MKE,AUS,IND,CLE,CMH,CVG,YYZ,SAT,LHR,PDX,RSW,HOU,SJU,HNL,NRT
LAX,0.0,0.5555555555555556,0.6666666666666667,0.5555555555555556,0.33333333333333337,0.5555555555555556,0.6666666666666667,0.33333333333333337,0.5555555555555556,0.22222222222222224,1.0,0.4444444444444445,0.6666666666666667,0.6666666666666667,0.33333333333333337,0.33333333333333337,0.33333333333333337,0.33333333333333337,0.33333333333333337,0.11111111111111112,0.4444444444444445,0.22222222222222224,0.0,0.4444444444444445,0.22222222222222224,0.33333333333333337,0.4444444444444445,0.33333333333333337,0.4444444444444445,0.33333333333333337,0.5555555555555556,0.4444444444444445,0.4444444444444445,0.33333333333333337,0.33333333333333337,0.22222222222222224,0.4444444444444445,0.33333333333333337,0.11111111111111112,0.33333333333333337,0.11111111111111112,0.33333333333333337,0.33333333333333337,0.4444444444444445,0.33333333333333337,0.0,0.22222222222222224,0.0,0.6666666666666667,0.4444444444444445
ORD,0.5295398009950248,0.0,0.4236318407960199,0.4236318407960199,0.4236318407960199,0.3177238805970149,0.4236318407960199,0.3177238805970149,0.4236318407960199,0.3177238805970149,0.4236318407960199,0.5295398009950248,0.5295398009950248,0.4236318407960199,0.4236318407960199,0.3177238805970149,0.4236318407960199,0.3177238805970149,0.3177238805970149,0.4236318407960199,0.3177238805970149,0.3177238805970149,0.5295398009950248,0.4236318407960199,0.0,0.3177238805970149,0.3177238805970149,0.3177238805970149,0.3177238805970149,0.3177238805970149,0.4236318407960199,0.3177238805970149,0.10590796019900497,0.3177238805970149,0.3177238805970149,0.3177238805970149,0.3177238805970149,0.3177238805970149,0.3177238805970149,0.3177238805970149,0.4236318407960199,0.3177238805970149,0.3177238805970149,0.4236318407960199,0.3177238805970149,0.4236318407960199,0.0,0.4236318407960199,0.10590796019900497,0.3177238805970149
DEN,0.5219993781094527,0.3479995854063018,0.0,0.4349994817578773,0.4349994817578773,0.6089992744610283,0.1739997927031509,0.4349994817578773,0.3479995854063018,0.1739997927031509,0.4349994817578773,0.5219993781094527,0.26099968905472637,0.3479995854063018,0.4349994817578773,0.26099968905472637,0.3479995854063018,0.1739997927031509,0.26099968905472637,0.26099968905472637,0.3479995854063018,0.1739997927031509,0.3479995854063018,0.26099968905472637,0.26099968905472637,0.3479995854063018,0.3479995854063018,0.3479995854063018,0.4349994817578773,0.08699989635157546,0.3479995854063018,0.26099968905472637,0.26099968905472637,0.26099968905472637,0.1739997927031509,0.3479995854063018,0.3479995854063018,0.3479995854063018,0.26099968905472637,0.1739997927031509,0.26099968905472637,0.08699989635157546,0.26099968905472637,0.08699989635157546,0.3479995854063018,0.1739997927031509,0.1739997927031509,0.0,0.08699989635157546,0.08699989635157546
DFW,0.4633602819237148,0.37068822553897185,0.4633602819237148,0.0,0.37068822553897185,0.27801616915422883,0.27801616915422883,0.27801616915422883,0.27801616915422883,0.18534411276948592,0.27801616915422883,0.4633602819237148,0.37068822553897185,0.37068822553897185,0.37068822553897185,0.27801616915422883,0.27801616915422883,0.18534411276948592,0.18534411276948592,0.27801616915422883,0.27801616915422883,0.27801616915422883,0.37068822553897185,0.27801616915422883,0.0,0.27801616915422883,0.27801616915422883,0.18534411276948592,0.18534411276948592,0.18534411276948592,0.27801616915422883,0.18534411276948592,0.27801616915422883,0.37068822553897185,0.27801616915422883,0.18534411276948592,0.18534411276948592,0.18534411276948592,0.27801616915422883,0.18534411276948592,0.27801616915422883,0.27801616915422883,0.18534411276948592,0.18534411276948592,0.27801616915422883,0.18534411276948592,0.18534411276948592,0.18534411276948592,0.18534411276948592,0.18534411276948592
ATL,0.41577269900497504,0.5543635986733001,0.6929544983416253,0.5543635986733001,0.0,0.6929544983416253,0.13859089966832502,0.6929544983416253,0.41577269900497504,0.41577269900497504,0.41577269900497504,0.5543635986733001,0.41577269900497504,0.5543635986733001,0.41577269900497504,0.41577269900497504,0.5543635986733001,0.41577269900497504,0.41577269900497504,0.41577269900497504,0.41577269900497504,0.27718179933665005,0.41577269900497504,0.27718179933665005,0.41577269900497504,0.41577269900497504,0.41577269900497504,0.41577269900497504,0.13859089966832502,0.41577269900497504,0.13859089966832502,0.13859089966832502,0.27718179933665005,0.41577269900497504,0.41577269900497504,0.41577269900497504,0.41577269900497504,0.41577269900497504,0.27718179933665005,0.41577269900497504,0.27718179933665005,0.27718179933665005,0.41577269900497504,0.27718179933665005,0.13859089966832502,0.41577269900497504,0.41577269900497504,0.41577269900497504,0.13859089966832502,0.13859089966832502
PHX,0.29035810530679934,0.1742148631840796,0.4065013474295191,0.1742148631840796,0.29035810530679934,0.0,0.23228648424543946,0.23228648424543946,0.23228648424543946,0.11614324212271973,0.23228648424543946,0.3484297263681592,0.1742148631840796,0.23228648424543946,0.23228648424543946,0.23228648424543946,0.23228648424543946,0.11614324212271973,0.11614324212271973,0.23228648424543946,0.1742148631840796,0.23228648424543946,0.0,0.1742148631840796,0.11614324212271973,0.058071621061359865,0.23228648424543946,0.1742148631840796,0.23228648424543946,0.058071621061359865,0.23228648424543946,0.058071621061359865,0.058071621061359865,0.11614324212271973,0.1742148631840796,0.23228648424543946,0.1742148631840796,0.1742148631840796,0.058071621061359865,0.1742148631840796,0.0,0.0,0.23228648424543946,0.058071621061359865,0.1742148631840796,0.0,0.11614324212271973,0.0,0.1742148631840796,0.0
JFK,0.48252487562189056,0.3216832504145937,0.16084162520729686,0.24126243781094528,0.08042081260364843,0.3216832504145937,0.0,0.08042081260364843,0.3216832504145937,0.3216832504145937,0.48252487562189056,0.16084162520729686,0.3216832504145937,0.48252487562189056,0.08042081260364843,0.24126243781094528,0.16084162520729686,0.24126243781094528,0.24126243781094528,0.3216832504145937,0.08042081260364843,0.0,0.0,0.0,0.0,0.24126243781094528,0.3216832504145937,0.0,0.3216832504145937,0.3216832504145937,0.16084162520729686,0.24126243781094528,0.24126243781094528,0.3216832504145937,0.24126243781094528,0.0,0.3216832504145937,0.24126243781094528,0.24126243781094528,0.24126243781094528,0.24126243781094528,0.24126243781094528,0.08042081260364843,0.24126243781094528,0.16084162520729686,0.08042081260364843,0.08042081260364843,0.3216832504145937,0.08042081260364843,0.24126243781094528
PHL,0.12429259950248756,0.12429259950248756,0.16572346600331675,0.12429259950248756,0.20715433250414594,0.16572346600331675,0.04143086650082919,0.0,0.16572346600331675,0.08286173300165837,0.16572346600331675,0.12429259950248756,0.12429259950248756,0.16572346600331675,0.12429259950248756,0.08286173300165837,0.12429259950248756,0.08286173300165837,0.08286173300165837,0.12429259950248756,0.16572346600331675,0.08286173300165837,0.08286173300165837,0.12429259950248756,0.08286173300165837,0.08286173300165837,0.08286173300165837,0.12429259950248756,0.08286173300165837,0.12429259950248756,0.12429259950248756,0.12429259950248756,0.04143086650082919,0.12429259950248756,0.08286173300165837,0.08286173300165837,0.08286173300165837,0.08286173300165837,0.08286173300165837,0.08286173300165837,0.12429259950248756,0.12429259950248756,0.08286173300165837,0.08286173300165837,0.08286173300165837,0.12429259950248756,0.0,0.08286173300165837,0.0,0.0
MCO,0.3180711028192371,0.2544568822553897,0.2544568822553897,0.1908426616915423,0.1908426616915423,0.1908426616915423,0.2544568822553897,0.2544568822553897,0.0,0.2544568822553897,0.12722844112769485,0.2544568822553897,0.2544568822553897,0.12722844112769485,0.12722844112769485,0.12722844112769485,0.1908426616915423,0.1908426616915423,0.12722844112769485,0.0,0.06361422056384743,0.12722844112769485,0.12722844112769485,0.12722844112769485,0.12722844112769485,0.12722844112769485,0.06361422056384743,0.1908426616915423,0.06361422056384743,0.1908426616915423,0.06361422056384743,0.1908426616915423,0.06361422056384743,0.12722844112769485,0.1908426616915423,0.1908426616915423,0.2544568822553897,0.1908426616915423,0.06361422056384743,0.12722844112769485,0.06361422056384743,0.12722844112769485,0.1908426616915423,0.0,0.0,0.12722844112769485,0.12722844112769485,0.2544568822553897,0.0,0.0
CLT,0.12531612769485903,0.18797419154228856,0.12531612769485903,0.12531612769485903,0.18797419154228856,0.12531612769485903,0.25063225538971806,0.12531612769485903,0.25063225538971806,0.0,0.12531612769485903,0.18797419154228856,0.18797419154228856,0.12531612769485903,0.18797419154228856,0.25063225538971806,0.12531612769485903,0.12531612769485903,0.12531612769485903,0.12531612769485903,0.12531612769485903,0.18797419154228856,0.18797419154228856,0.18797419154228856,0.12531612769485903,0.12531612769485903,0.12531612769485903,0.12531612769485903,0.12531612769485903,0.12531612769485903,0.18797419154228856,0.12531612769485903,0.18797419154228856,0.12531612769485903,0.12531612769485903,0.12531612769485903,0.12531612769485903,0.12531612769485903,0.18797419154228856,0.12531612769485903,0.18797419154228856,0.12531612769485903,0.12531612769485903,0.12531612769485903,0.12531612769485903,0.12531612769485903,0.12531612769485903,0.12531612769485903,0.0,0.0
LAS,0.569286380597015,0.25301616915422886,0.31627021144278605,0.18976212686567165,0.18976212686567165,0.25301616915422886,0.3795242537313433,0.25301616915422886,0.12650808457711443,0.12650808457711443,0.0,0.18976212686567165,0.12650808457711443,0.25301616915422886,0.18976212686567165,0.18976212686567165,0.12650808457711443,0.12650808457711443,0.12650808457711443,0.06325404228855722,0.12650808457711443,0.06325404228855722,0.0,0.12650808457711443,0.12650808457711443,0.12650808457711443,0.18976212686567165,0.12650808457711443,0.18976212686567165,0.12650808457711443,0.18976212686567165,0.06325404228855722,0.06325404228855722,0.0,0.06325404228855722,0.12650808457711443,0.12650808457711443,0.12650808457711443,0.12650808457711443,0.06325404228855722,0.06325404228855722,0.12650808457711443,0.12650808457711443,0.06325404228855722,0.12650808457711443,0.0,0.12650808457711443,0.0,0.12650808457711443,0.0
MSP,0.19850746268656716,0.24813432835820895,0.29776119402985074,0.24813432835820895,0.19850746268656716,0.24813432835820895,0.09925373134328358,0.14888059701492537,0.19850746268656716,0.14888059701492537,0.14888059701492537,0.0,0.09925373134328358,0.14888059701492537,0.04962686567164179,0.09925373134328358,0.04962686567164179,0.19850746268656716,0.14888059701492537,0.04962686567164179,0.14888059701492537,0.09925373134328358,0.04962686567164179,0.14888059701492537,0.19850746268656716,0.09925373134328358,0.09925373134328358,0.14888059701492537,0.09925373134328358,0.04962686567164179,0.04962686567164179,0.04962686567164179,0.09925373134328358,0.09925373134328358,0.04962686567164179,0.14888059701492537,0.04962686567164179,0.04962686567164179,0.09925373134328358,0.04962686567164179,0.04962686567164179,0.09925373134328358,0.04962686567164179,0.04962686567164179,0.04962686567164179,0.09925373134328358,0.0,0.0,0.0,0.04962686567164179
BOS,0.32150186567164174,0.2679182213930348,0.16075093283582087,0.21433457711442783,0.16075093283582087,0.16075093283582087,0.21433457711442783,0.16075093283582087,0.21433457711442783,0.16075093283582087,0.10716728855721391,0.10716728855721391,0.0,0.16075093283582087,0.10716728855721391,0.16075093283582087,0.10716728855721391,0.16075093283582087,0.10716728855721391,0.05358364427860696,0.05358364427860696,0.10716728855721391,0.16075093283582087,0.05358364427860696,0.10716728855721391,0.05358364427860696,0.10716728855721391,0.05358364427860696,0.10716728855721391,0.10716728855721391,0.05358364427860696,0.05358364427860696,0.10716728855721391,0.21433457711442783,0.16075093283582087,0.10716728855721391,0.05358364427860696,0.05358364427860696,0.05358364427860696,0.05358364427860696,0.05358364427860696,0.05358364427860696,0.0,0.10716728855721391,0.10716728855721391,0.05358364427860696,0.10716728855721391,0.05358364427860696,0.0,0.05358364427860696
SFO,0.43067475124378113,0.2871165008291874,0.21533737562189056,0.2871165008291874,0.2871165008291874,0.2871165008291874,0.43067475124378113,0.2871165008291874,0.1435582504145937,0.1435582504145937,0.2871165008291874,0.21533737562189056,0.21533737562189056,0.0,0.07177912520729685,0.07177912520729685,0.2871165008291874,0.1435582504145937,0.1435582504145937,0.0,0.07177912520729685,0.1435582504145937,0.0,0.07177912520729685,0.1435582504145937,0.07177912520729685,0.21533737562189056,0.1435582504145937,0.2871165008291874,0.1435582504145937,0.1435582504145937,0.0,0.1435582504145937,0.1435582504145937,0.07177912520729685,0.1435582504145937,0.21533737562189056,0.07177912520729685,0.07177912520729685,0.0,0.07177912520729685,0.07177912520729685,0.07177912520729685,0.21533737562189056,0.21533737562189056,0.0,0.0,0.0,0.21533737562189056,0.07177912520729685
DTW,0.0939158374792703,0.1878316749585406,0.23478959369817579,0.1878316749585406,0.14087375621890547,0.1878316749585406,0.04695791873963515,0.14087375621890547,0.0939158374792703,0.14087375621890547,0.14087375621890547,0.04695791873963515,0.0939158374792703,0.04695791873963515,0.0,0.14087375621890547,0.0939158374792703,0.14087375621890547,0.14087375621890547,0.0939158374792703,0.14087375621890547,0.0939158374792703,0.1878316749585406,0.14087375621890547,0.14087375621890547,0.0939158374792703,0.04695791873963515,0.04695791873963515,0.04695791873963515,0.04695791873963515,0.04695791873963515,0.0939158374792703,0.0939158374792703,0.0939158374792703,0.04695791873963515,0.04695791873963515,0.04695791873963515,0.04695791873963515,0.04695791873963515,0.04695791873963515,0.04695791873963515,0.0939158374792703,0.04695791873963515,0.04695791873963515,0.04695791873963515,0.0939158374792703,0.0,0.04695791873963515,0.0,0.04695791873963515
BWI,0.06856861525704809,0.10285292288557213,0.10285292288557213,0.10285292288557213,0.10285292288557213,0.10285292288557213,0.10285292288557213,0.06856861525704809,0.06856861525704809,0.13713723051409618,0.10285292288557213,0.06856861525704809,0.10285292288557213,0.034284307628524045,0.10285292288557213,0.0,0.10285292288557213,0.0,0.06856861525704809,0.06856861525704809,0.06856861525704809,0.034284307628524045,0.0,0.034284307628524045,0.06856861525704809,0.06856861525704809,0.06856861525704809,0.06856861525704809,0.06856861525704809,0.10285292288557213,0.10285292288557213,0.06856861525704809,0.0,0.034284307628524045,0.06856861525704809,0.06856861525704809,0.034284307628524045,0.06856861525704809,0.06856861525704809,0.06856861525704809,0.034284307628524045,0.0,0.06856861525704809,0.034284307628524045,0.0,0.06856861525704809,0.06856861525704809,0.034284307628524045,0.0,0.0
FLL,0.1394278606965174,0.1859038142620232,0.1859038142620232,0.1394278606965174,0.1859038142620232,0.1859038142620232,0.0929519071310116,0.1859038142620232,0.1394278606965174,0.0929519071310116,0.0929519071310116,0.0464759535655058,0.0929519071310116,0.1394278606965174,0.0929519071310116,0.1394278606965174,0.0,0.1394278606965174,0.0,0.23237976782752903,0.0929519071310116,0.0929519071310116,0.1394278606965174,0.0464759535655058,0.0464759535655058,0.0929519071310116,0.0,0.0464759535655058,0.0,0.1394278606965174,0.0,0.0464759535655058,0.0464759535655058,0.0929519071310116,0.0464759535655058,0.0929519071310116,0.0929519071310116,0.0464759535655058,0.0464759535655058,0.0464759535655058,0.0464759535655058,0.0464759535655058,0.0,0.0,0.0,0.0,0.0464759535655058,0.1859038142620232,0.0,0.0
DCA,0.08998756218905472,0.08998756218905472,0.059991708126036485,0.059991708126036485,0.08998756218905472,0.059991708126036485,0.08998756218905472,0.059991708126036485,0.08998756218905472,0.059991708126036485,0.059991708126036485,0.11998341625207297,0.08998756218905472,0.059991708126036485,0.08998756218905472,0.0,0.08998756218905472,0.0,0.059991708126036485,0.08998756218905472,0.08998756218905472,0.029995854063018242,0.08998756218905472,0.029995854063018242,0.0,0.059991708126036485,0.059991708126036485,0.08998756218905472,0.0,0.059991708126036485,0.029995854063018242,0.059991708126036485,0.0,0.0,0.059991708126036485,0.059991708126036485,0.029995854063018242,0.059991708126036485,0.029995854063018242,0.059991708126036485,0.08998756218905472,0.059991708126036485,0.0,0.0,0.029995854063018242,0.11998341625207297,0.029995854063018242,0.029995854063018242,0.0,0.0
MIA,0.16551616915422887,0.16551616915422887,0.16551616915422887,0.11034411276948591,0.16551616915422887,0.11034411276948591,0.16551616915422887,0.11034411276948591,0.11034411276948591,0.11034411276948591,0.11034411276948591,0.16551616915422887,0.11034411276948591,0.11034411276948591,0.16551616915422887,0.11034411276948591,0.0,0.11034411276948591,0.0,0.11034411276948591,0.11034411276948591,0.16551616915422887,0.16551616915422887,0.16551616915422887,0.0,0.11034411276948591,0.11034411276948591,0.0,0.11034411276948591,0.11034411276948591,0.0,0.11034411276948591,0.16551616915422887,0.11034411276948591,0.11034411276948591,0.0,0.0,0.11034411276948591,0.11034411276948591,0.11034411276948591,0.11034411276948591,0.11034411276948591,0.0,0.16551616915422887,0.0,0.0,0.0,0.11034411276948591,0.0,0.0
TPA,0.028298611111111108,0.11319444444444443,0.11319444444444443,0.08489583333333332,0.08489583333333332,0.08489583333333332,0.11319444444444443,0.08489583333333332,0.0,0.056597222222222215,0.056597222222222215,0.028298611111111108,0.028298611111111108,0.0,0.056597222222222215,0.056597222222222215,0.14149305555555555,0.08489583333333332,0.056597222222222215,0.0,0.056597222222222215,0.056597222222222215,0.056597222222222215,0.028298611111111108,0.056597222222222215,0.056597222222222215,0.0,0.056597222222222215,0.0,0.08489583333333332,0.0,0.056597222222222215,0.056597222222222215,0.0,0.056597222222222215,0.056597222222222215,0.028298611111111108,0.08489583333333332,0.028298611111111108,0.056597222222222215,0.028298611111111108,0.0,0.056597222222222215,0.0,0.0,0.0,0.056597222222222215,0.056597222222222215,0.0,0.0
STL,0.06024564676616915,0.06024564676616915,0.06024564676616915,0.04016376451077944,0.06024564676616915,0.06024564676616915,0.02008188225538972,0.06024564676616915,0.04016376451077944,0.04016376451077944,0.02008188225538972,0.06024564676616915,0.02008188225538972,0.02008188225538972,0.04016376451077944,0.04016376451077944,0.02008188225538972,0.06024564676616915,0.04016376451077944,0.04016376451077944,0.0,0.04016376451077944,0.08032752902155887,0.02008188225538972,0.04016376451077944,0.04016376451077944,0.02008188225538972,0.04016376451077944,0.02008188225538972,0.02008188225538972,0.02008188225538972,0.02008188225538972,0.02008188225538972,0.02008188225538972,0.04016376451077944,0.04016376451077944,0.0,0.0,0.02008188225538972,0.04016376451077944,0.02008188225538972,0.02008188225538972,0.04016376451077944,0.0,0.0,0.02008188225538972,0.02008188225538972,0.0,0.0,0.0
EWR,0.1199212271973466,0.1798818407960199,0.1199212271973466,0.1798818407960199,0.1199212271973466,0.2398424543946932,0.0,0.1199212271973466,0.1199212271973466,0.1798818407960199,0.0599606135986733,0.1199212271973466,0.1199212271973466,0.1199212271973466,0.1199212271973466,0.0599606135986733,0.1199212271973466,0.0599606135986733,0.1798818407960199,0.1199212271973466,0.1199212271973466,0.0,0.0,0.0599606135986733,0.1199212271973466,0.1798818407960199,0.0599606135986733,0.0599606135986733,0.1199212271973466,0.0599606135986733,0.0599606135986733,0.1199212271973466,0.0599606135986733,0.0599606135986733,0.0599606135986733,0.0599606135986733,0.1199212271973466,0.0599606135986733,0.0599606135986733,0.0599606135986733,0.1199212271973466,0.0599606135986733,0.0599606135986733,0.1798818407960199,0.0599606135986733,0.1199212271973466,0.0599606135986733,0.1199212271973466,0.0599606135986733,0.0599606135986733
LGA,0.0,0.19941956882255388,0.1595356550580431,0.1595356550580431,0.1595356550580431,0.0,0.0,0.07976782752902155,0.07976782752902155,0.11965174129353234,0.0,0.039883913764510774,0.11965174129353234,0.0,0.1595356550580431,0.0,0.11965174129353234,0.11965174129353234,0.11965174129353234,0.07976782752902155,0.1595356550580431,0.0,0.0,0.07976782752902155,0.07976782752902155,0.07976782752902155,0.0,0.039883913764510774,0.0,0.11965174129353234,0.0,0.1595356550580431,0.039883913764510774,0.0,0.11965174129353234,0.07976782752902155,0.0,0.039883913764510774,0.07976782752902155,0.11965174129353234,0.039883913764510774,0.1595356550580431,0.0,0.0,0.0,0.07976782752902155,0.039883913764510774,0.0,0.0,0.0
IAH,0.22695895522388057,0.22695895522388057,0.17021921641791044,0.17021921641791044,0.11347947761194029,0.17021921641791044,0.0,0.17021921641791044,0.11347947761194029,0.17021921641791044,0.11347947761194029,0.17021921641791044,0.05673973880597014,0.05673973880597014,0.17021921641791044,0.05673973880597014,0.05673973880597014,0.05673973880597014,0.17021921641791044,0.05673973880597014,0.05673973880597014,0.05673973880597014,0.11347947761194029,0.0,0.0,0.05673973880597014,0.05673973880597014,0.05673973880597014,0.11347947761194029,0.05673973880597014,0.11347947761194029,0.05673973880597014,0.05673973880597014,0.05673973880597014,0.05673973880597014,0.05673973880597014,0.05673973880597014,0.05673973880597014,0.05673973880597014,0.05673973880597014,0.11347947761194029,0.05673973880597014,0.05673973880597014,0.11347947761194029,0.05673973880597014,0.05673973880597014,0.0,0.05673973880597014,0.05673973880597014,0.05673973880597014
MDW,0.05215588723051409,0.0,0.07823383084577114,0.0,0.07823383084577114,0.026077943615257046,0.0,0.05215588723051409,0.05215588723051409,0.05215588723051409,0.05215588723051409,0.10431177446102818,0.05215588723051409,0.05215588723051409,0.07823383084577114,0.05215588723051409,0.026077943615257046,0.0,0.0,0.05215588723051409,0.05215588723051409,0.05215588723051409,0.05215588723051409,0.0,0.0,0.05215588723051409,0.026077943615257046,0.05215588723051409,0.05215588723051409,0.05215588723051409,0.05215588723051409,0.05215588723051409,0.05215588723051409,0.026077943615257046,0.05215588723051409,0.0,0.05215588723051409,0.0,0.05215588723051409,0.05215588723051409,0.0,0.0,0.05215588723051409,0.0,0.05215588723051409,0.05215588723051409,0.05215588723051409,0.0,0.0,0.0
MSY,0.0533115671641791,0.0533115671641791,0.0710820895522388,0.0533115671641791,0.0533115671641791,0.0177705223880597,0.0533115671641791,0.0355410447761194,0.0355410447761194,0.0355410447761194,0.0177705223880597,0.0355410447761194,0.0177705223880597,0.0177705223880597,0.0355410447761194,0.0355410447761194,0.0355410447761194,0.0355410447761194,0.0355410447761194,0.0355410447761194,0.0355410447761194,0.0533115671641791,0.0355410447761194,0.0177705223880597,0.0355410447761194,0.0,0.0177705223880597,0.0355410447761194,0.0,0.0,0.0177705223880597,0.0177705223880597,0.0177705223880597,0.0,0.0,0.0355410447761194,0.0355410447761194,0.0,0.0177705223880597,0.0,0.0177705223880597,0.0177705223880597,0.0,0.0,0.0,0.0,0.0355410447761194,0.0,0.0,0.0
SAN,0.1310219734660033,0.09826648009950247,0.1310219734660033,0.09826648009950247,0.09826648009950247,0.1310219734660033,0.1310219734660033,0.06551098673300165,0.032755493366500826,0.06551098673300165,0.09826648009950247,0.06551098673300165,0.06551098673300165,0.09826648009950247,0.032755493366500826,0.06551098673300165,0.0,0.06551098673300165,0.06551098673300165,0.0,0.032755493366500826,0.032755493366500826,0.0,0.032755493366500826,0.06551098673300165,0.06551098673300165,0.0,0.032755493366500826,0.09826648009950247,0.0,0.032755493366500826,0.032755493366500826,0.032755493366500826,0.0,0.0,0.0,0.032755493366500826,0.0,0.0,0.0,0.0,0.0,0.032755493366500826,0.032755493366500826,0.06551098673300165,0.0,0.032755493366500826,0.0,0.032755493366500826,0.032755493366500826
MCI,0.02978855721393034,0.04468283582089551,0.05957711442786068,0.02978855721393034,0.04468283582089551,0.04468283582089551,0.0,0.02978855721393034,0.02978855721393034,0.02978855721393034,0.01489427860696517,0.04468283582089551,0.01489427860696517,0.01489427860696517,0.01489427860696517,0.01489427860696517,0.01489427860696517,0.04468283582089551,0.0,0.02978855721393034,0.02978855721393034,0.01489427860696517,0.01489427860696517,0.01489427860696517,0.02978855721393034,0.02978855721393034,0.02978855721393034,0.0,0.01489427860696517,0.0,0.01489427860696517,0.01489427860696517,0.01489427860696517,0.01489427860696517,0.0,0.02978855721393034,0.0,0.02978855721393034,0.01489427860696517,0.0,0.01489427860696517,0.0,0.0,0.0,0.01489427860696517,0.0,0.02978855721393034,0.0,0.0,0.0
SEA,0.2587271973466003,0.19404539800995024,0.2587271973466003,0.12936359867330016,0.06468179933665008,0.19404539800995024,0.2587271973466003,0.12936359867330016,0.06468179933665008,0.12936359867330016,0.19404539800995024,0.12936359867330016,0.12936359867330016,0.2587271973466003,0.06468179933665008,0.06468179933665008,0.0,0.0,0.12936359867330016,0.06468179933665008,0.06468179933665008,0.12936359867330016,0.0,0.12936359867330016,0.12936359867330016,0.0,0.12936359867330016,0.12936359867330016,0.0,0.0,0.19404539800995024,0.0,0.06468179933665008,0.0,0.0,0.12936359867330016,0.0,0.0,0.0,0.0,0.0,0.0,0.0,0.12936359867330016,0.06468179933665008,0.0,0.0,0.0,0.12936359867330016,0.12936359867330016
RDU,0.05369247512437811,0.05369247512437811,0.017897491708126035,0.03579498341625207,0.05369247512437811,0.017897491708126035,0.07158996683250414,0.05369247512437811,0.05369247512437811,0.03579498341625207,0.05369247512437811,0.017897491708126035,0.03579498341625207,0.017897491708126035,0.017897491708126035,0.05369247512437811,0.05369247512437811,0.03579498341625207,0.03579498341625207,0.05369247512437811,0.03579498341625207,0.017897491708126035,0.05369247512437811,0.017897491708126035,0.03579498341625207,0.0,0.0,0.0,0.0,0.0,0.017897491708126035,0.017897491708126035,0.017897491708126035,0.017897491708126035,0.03579498341625207,0.0,0.0,0.017897491708126035,0.0,0.017897491708126035,0.017897491708126035,0.0,0.0,0.03579498341625207,0.0,0.0,0.03579498341625207,0.0,0.0,0.0
SLC,0.16621320480928692,0.13297056384742953,0.16621320480928692,0.09972792288557214,0.03324264096185738,0.13297056384742953,0.06648528192371476,0.09972792288557214,0.03324264096185738,0.09972792288557214,0.09972792288557214,0.03324264096185738,0.03324264096185738,0.06648528192371476,0.03324264096185738,0.09972792288557214,0.0,0.03324264096185738,0.0,0.0,0.03324264096185738,0.03324264096185738,0.0,0.06648528192371476,0.06648528192371476,0.03324264096185738,0.03324264096185738,0.03324264096185738,0.09972792288557214,0.03324264096185738,0.0,0.03324264096185738,0.0,0.03324264096185738,0.0,0.0,0.03324264096185738,0.03324264096185738,0.0,0.0,0.03324264096185738,0.0,0.03324264096185738,0.0,0.06648528192371476,0.0,0.0,0.0,0.03324264096185738,0.0
BNA,0.09248548922056385,0.06936411691542288,0.09248548922056385,0.046242744610281925,0.023121372305140962,0.023121372305140962,0.06936411691542288,0.06936411691542288,0.06936411691542288,0.046242744610281925,0.023121372305140962,0.023121372305140962,0.023121372305140962,0.0,0.046242744610281925,0.046242744610281925,0.023121372305140962,0.046242744610281925,0.046242744610281925,0.023121372305140962,0.046242744610281925,0.06936411691542288,0.09248548922056385,0.023121372305140962,0.046242744610281925,0.023121372305140962,0.023121372305140962,0.023121372305140962,0.0,0.046242744610281925,0.023121372305140962,0.0,0.023121372305140962,0.0,0.023121372305140962,0.0,0.023121372305140962,0.0,0.046242744610281925,0.023121372305140962,0.023121372305140962,0.0,0.023121372305140962,0.0,0.0,0.0,0.023121372305140962,0.0,0.0,0.0
IAD,0.12289593698175787,0.030723984245439467,0.06144796849087893,0.0921719527363184,0.06144796849087893,0.030723984245439467,0.0921719527363184,0.030723984245439467,0.030723984245439467,0.0921719527363184,0.030723984245439467,0.06144796849087893,0.06144796849087893,0.06144796849087893,0.06144796849087893,0.0,0.030723984245439467,0.0,0.0921719527363184,0.030723984245439467,0.030723984245439467,0.030723984245439467,0.030723984245439467,0.030723984245439467,0.06144796849087893,0.030723984245439467,0.030723984245439467,0.030723984245439467,0.030723984245439467,0.030723984245439467,0.0,0.030723984245439467,0.0,0.030723984245439467,0.030723984245439467,0.0,0.030723984245439467,0.030723984245439467,0.030723984245439467,0.030723984245439467,0.030723984245439467,0.030723984245439467,0.030723984245439467,0.0921719527363184,0.030723984245439467,0.0,0.0,0.030723984245439467,0.030723984245439467,0.030723984245439467
CUN,0.0019434079601990048,0.0019434079601990048,0.0019434079601990048,0.002591210613598673,0.0019434079601990048,0.0012956053067993366,0.002591210613598673,0.0019434079601990048,0.0012956053067993366,0.0012956053067993366,0.0,0.0012956053067993366,0.002591210613598673,0.0012956053067993366,0.0012956053067993366,0.0006478026533996683,0.0012956053067993366,0.0,0.0012956053067993366,0.0,0.0006478026533996683,0.0006478026533996683,0.0,0.0006478026533996683,0.0006478026533996683,0.0,0.0,0.0006478026533996683,0.0,0.0006478026533996683,0.0006478026533996683,0.0,0.0006478026533996683,0.0,0.0006478026533996683,0.0006478026533996683,0.0012956053067993366,0.0006478026533996683,0.0012956053067993366,0.0,0.0006478026533996683,0.0,0.0006478026533996683,0.0,0.0,0.0,0.0,0.0,0.0,0.0
PIT,0.036341728855721386,0.036341728855721386,0.024227819237147594,0.024227819237147594,0.036341728855721386,0.036341728855721386,0.036341728855721386,0.024227819237147594,0.036341728855721386,0.024227819237147594,0.012113909618573797,0.012113909618573797,0.036341728855721386,0.012113909618573797,0.012113909618573797,0.024227819237147594,0.012113909618573797,0.024227819237147594,0.024227819237147594,0.024227819237147594,0.024227819237147594,0.012113909618573797,0.036341728855721386,0.012113909618573797,0.024227819237147594,0.0,0.0,0.0,0.0,0.024227819237147594,0.0,0.024227819237147594,0.012113909618573797,0.012113909618573797,0.0,0.0,0.0,0.0,0.0,0.0,0.012113909618573797,0.012113909618573797,0.0,0.0,0.0,0.012113909618573797,0.012113909618573797,0.0,0.0,0.0
MKE,0.01740257048092869,0.026103855721393034,0.03480514096185738,0.01740257048092869,0.026103855721393034,0.026103855721393034,0.0,0.01740257048092869,0.026103855721393034,0.01740257048092869,0.01740257048092869,0.026103855721393034,0.008701285240464344,0.01740257048092869,0.008701285240464344,0.008701285240464344,0.01740257048092869,0.01740257048092869,0.0,0.01740257048092869,0.01740257048092869,0.008701285240464344,0.01740257048092869,0.008701285240464344,0.0,0.01740257048092869,0.0,0.01740257048092869,0.01740257048092869,0.0,0.0,0.0,0.0,0.008701285240464344,0.0,0.0,0.0,0.0,0.008701285240464344,0.0,0.008701285240464344,0.0,0.0,0.0,0.0,0.008701285240464344,0.0,0.0,0.0,0.0
AUS,0.08808043117744609,0.06606032338308457,0.06606032338308457,0.06606032338308457,0.06606032338308457,0.06606032338308457,0.08808043117744609,0.04404021558872304,0.08808043117744609,0.04404021558872304,0.06606032338308457,0.02202010779436152,0.02202010779436152,0.06606032338308457,0.02202010779436152,0.04404021558872304,0.06606032338308457,0.02202010779436152,0.0,0.02202010779436152,0.0,0.04404021558872304,0.0,0.02202010779436152,0.04404021558872304,0.06606032338308457,0.02202010779436152,0.0,0.0,0.0,0.02202010779436152,0.02202010779436152,0.02202010779436152,0.04404021558872304,0.0,0.0,0.0,0.0,0.02202010779436152,0.0,0.0,0.0,0.0,0.02202010779436152,0.0,0.0,0.04404021558872304,0.0,0.0,0.0
IND,0.03641169154228856,0.03641169154228856,0.048548922056384745,0.024274461028192373,0.03641169154228856,0.03641169154228856,0.03641169154228856,0.024274461028192373,0.03641169154228856,0.024274461028192373,0.024274461028192373,0.012137230514096186,0.012137230514096186,0.012137230514096186,0.012137230514096186,0.024274461028192373,0.012137230514096186,0.024274461028192373,0.024274461028192373,0.03641169154228856,0.0,0.012137230514096186,0.012137230514096186,0.012137230514096186,0.0,0.0,0.0,0.024274461028192373,0.0,0.012137230514096186,0.012137230514096186,0.0,0.012137230514096186,0.012137230514096186,0.0,0.0,0.0,0.0,0.012137230514096186,0.0,0.0,0.0,0.0,0.0,0.0,0.024274461028192373,0.012137230514096186,0.0,0.0,0.0
CLE,0.01265547263681592,0.03796641791044776,0.02531094527363184,0.03796641791044776,0.02531094527363184,0.01265547263681592,0.03796641791044776,0.02531094527363184,0.01265547263681592,0.03796641791044776,0.02531094527363184,0.02531094527363184,0.01265547263681592,0.01265547263681592,0.01265547263681592,0.03796641791044776,0.01265547263681592,0.01265547263681592,0.02531094527363184,0.01265547263681592,0.01265547263681592,0.01265547263681592,0.02531094527363184,0.01265547263681592,0.02531094527363184,0.01265547263681592,0.0,0.01265547263681592,0.0,0.0,0.0,0.02531094527363184,0.01265547263681592,0.02531094527363184,0.0,0.01265547263681592,0.01265547263681592,0.01265547263681592,0.0,0.01265547263681592,0.0,0.01265547263681592,0.0,0.0,0.0,0.01265547263681592,0.0,0.0,0.0,0.0
CMH,0.03229944029850746,0.03229944029850746,0.03229944029850746,0.021532960199004976,0.03229944029850746,0.03229944029850746,0.03229944029850746,0.021532960199004976,0.021532960199004976,0.021532960199004976,0.010766480099502488,0.010766480099502488,0.010766480099502488,0.0,0.010766480099502488,0.021532960199004976,0.010766480099502488,0.021532960199004976,0.021532960199004976,0.03229944029850746,0.021532960199004976,0.010766480099502488,0.03229944029850746,0.010766480099502488,0.021532960199004976,0.0,0.0,0.0,0.0,0.010766480099502488,0.0,0.010766480099502488,0.010766480099502488,0.0,0.0,0.0,0.0,0.0,0.010766480099502488,0.0,0.0,0.010766480099502488,0.0,0.0,0.0,0.021532960199004976,0.0,0.0,0.0,0.0
CVG,0.011390961857379768,0.04556384742951907,0.0341728855721393,0.0341728855721393,0.022781923714759535,0.0,0.0341728855721393,0.0341728855721393,0.011390961857379768,0.0341728855721393,0.011390961857379768,0.011390961857379768,0.011390961857379768,0.011390961857379768,0.011390961857379768,0.011390961857379768,0.011390961857379768,0.0341728855721393,0.022781923714759535,0.011390961857379768,0.011390961857379768,0.022781923714759535,0.011390961857379768,0.022781923714759535,0.0,0.011390961857379768,0.0,0.011390961857379768,0.0,0.011390961857379768,0.011390961857379768,0.011390961857379768,0.011390961857379768,0.011390961857379768,0.011390961857379768,0.011390961857379768,0.0,0.0,0.0,0.0,0.0,0.011390961857379768,0.0,0.0,0.0,0.011390961857379768,0.0,0.0,0.0,0.0
YYZ,0.002409825870646766,0.002409825870646766,0.0008032752902155886,0.002409825870646766,0.0016065505804311773,0.0,0.002409825870646766,0.002409825870646766,0.0016065505804311773,0.0016065505804311773,0.0016065505804311773,0.0016065505804311773,0.0008032752902155886,0.0008032752902155886,0.0016065505804311773,0.0,0.0008032752902155886,0.0016065505804311773,0.0016065505804311773,0.0,0.0008032752902155886,0.0008032752902155886,0.0032131011608623546,0.0008032752902155886,0.0,0.0008032752902155886,0.0,0.0,0.0,0.0,0.0,0.0,0.0008032752902155886,0.0,0.0008032752902155886,0.0,0.0,0.0,0.0008032752902155886,0.0008032752902155886,0.0008032752902155886,0.0,0.0,0.0008032752902155886,0.0,0.0,0.0,0.0,0.0,0.0
SAT,0.026020936981757874,0.03903140547263681,0.03903140547263681,0.026020936981757874,0.03903140547263681,0.03903140547263681,0.013010468490878937,0.026020936981757874,0.03903140547263681,0.026020936981757874,0.026020936981757874,0.013010468490878937,0.0,0.013010468490878937,0.013010468490878937,0.026020936981757874,0.0,0.0,0.0,0.026020936981757874,0.026020936981757874,0.013010468490878937,0.0,0.013010468490878937,0.026020936981757874,0.0,0.026020936981757874,0.0,0.0,0.0,0.013010468490878937,0.013010468490878937,0.013010468490878937,0.013010468490878937,0.0,0.0,0.0,0.0,0.0,0.0,0.0,0.0,0.0,0.0,0.0,0.0,0.026020936981757874,0.0,0.0,0.0
LHR,0.0031094527363184077,0.0031094527363184077,0.0007773631840796019,0.0015547263681592038,0.0015547263681592038,0.0007773631840796019,0.0023320895522388058,0.0015547263681592038,0.0,0.0015547263681592038,0.0007773631840796019,0.0007773631840796019,0.0015547263681592038,0.0023320895522388058,0.0007773631840796019,0.0007773631840796019,0.0,0.0,0.0023320895522388058,0.0,0.0,0.0023320895522388058,0.0,0.0015547263681592038,0.0,0.0,0.0007773631840796019,0.0,0.0015547263681592038,0.0015547263681592038,0.0,0.0,0.0023320895522388058,0.0,0.0,0.0,0.0007773631840796019,0.0,0.0,0.0,0.0,0.0007773631840796019,0.0,0.0,0.0,0.0,0.0,0.0,0.0,0.0
PDX,0.07610385572139303,0.07610385572139303,0.07610385572139303,0.07610385572139303,0.02536795190713101,0.10147180762852404,0.05073590381426202,0.05073590381426202,0.0,0.05073590381426202,0.05073590381426202,0.02536795190713101,0.05073590381426202,0.07610385572139303,0.02536795190713101,0.0,0.0,0.02536795190713101,0.0,0.02536795190713101,0.0,0.02536795190713101,0.0,0.02536795190713101,0.05073590381426202,0.0,0.05073590381426202,0.05073590381426202,0.02536795190713101,0.0,0.07610385572139303,0.0,0.02536795190713101,0.0,0.0,0.0,0.0,0.0,0.0,0.0,0.0,0.0,0.0,0.0,0.0,0.0,0.0,0.0,0.02536795190713101,0.02536795190713101
RSW,0.0,0.052228441127694855,0.026114220563847428,0.03917133084577114,0.03917133084577114,0.0,0.013057110281923714,0.03917133084577114,0.026114220563847428,0.026114220563847428,0.0,0.026114220563847428,0.013057110281923714,0.0,0.026114220563847428,0.026114220563847428,0.0,0.052228441127694855,0.0,0.0,0.013057110281923714,0.026114220563847428,0.026114220563847428,0.013057110281923714,0.026114220563847428,0.0,0.0,0.0,0.0,0.0,0.0,0.0,0.0,0.0,0.013057110281923714,0.026114220563847428,0.0,0.026114220563847428,0.013057110281923714,0.026114220563847428,0.013057110281923714,0.0,0.0,0.0,0.0,0.0,0.0,0.0,0.0,0.0
HOU,0.03657234660033168,0.0,0.01828617330016584,0.03657234660033168,0.05485851990049751,0.03657234660033168,0.01828617330016584,0.0,0.03657234660033168,0.01828617330016584,0.03657234660033168,0.0,0.03657234660033168,0.0,0.0,0.01828617330016584,0.03657234660033168,0.01828617330016584,0.0,0.03657234660033168,0.01828617330016584,0.01828617330016584,0.01828617330016584,0.0,0.03657234660033168,0.03657234660033168,0.03657234660033168,0.01828617330016584,0.0,0.01828617330016584,0.0,0.03657234660033168,0.0,0.0,0.01828617330016584,0.0,0.01828617330016584,0.01828617330016584,0.0,0.0,0.0,0.0,0.03657234660033168,0.0,0.0,0.0,0.0,0.0,0.0,0.0
SJU,0.0,0.04708747927031509,0.0,0.023543739635157546,0.03531560945273632,0.0,0.04708747927031509,0.023543739635157546,0.04708747927031509,0.023543739635157546,0.0,0.0,0.011771869817578773,0.0,0.011771869817578773,0.023543739635157546,0.04708747927031509,0.011771869817578773,0.023543739635157546,0.03531560945273632,0.0,0.023543739635157546,0.0,0.011771869817578773,0.0,0.0,0.0,0.0,0.0,0.0,0.0,0.0,0.011771869817578773,0.0,0.0,0.0,0.0,0.0,0.0,0.0,0.0,0.0,0.0,0.0,0.0,0.0,0.0,0.0,0.0,0.0
HNL,0.15380907960199006,0.025634846600331676,0.025634846600331676,0.05126969320066335,0.025634846600331676,0.07690453980099503,0.025634846600331676,0.0,0.0,0.0,0.05126969320066335,0.0,0.0,0.07690453980099503,0.0,0.0,0.0,0.0,0.0,0.0,0.0,0.025634846600331676,0.0,0.025634846600331676,0.0,0.0,0.025634846600331676,0.0,0.05126969320066335,0.0,0.025634846600331676,0.0,0.025634846600331676,0.0,0.0,0.0,0.0,0.0,0.0,0.0,0.0,0.0,0.0,0.0,0.025634846600331676,0.0,0.0,0.0,0.0,0.07690453980099503
NRT,0.004871475953565505,0.003653606965174129,0.0012178689883913763,0.0024357379767827527,0.0012178689883913763,0.0,0.003653606965174129,0.0,0.0,0.0,0.0,0.0012178689883913763,0.0012178689883913763,0.0012178689883913763,0.0012178689883913763,0.0,0.0,0.0,0.0,0.0,0.0,0.0012178689883913763,0.0,0.0012178689883913763,0.0,0.0,0.0012178689883913763,0.0,0.0024357379767827527,0.0,0.0,0.0,0.0012178689883913763,0.0,0.0,0.0,0.0,0.0,0.0,0.0,0.0,0.0,0.0,0.0,0.0012178689883913763,0.0,0.0,0.0,0.003653606965174129,0.0
